state,n_trials,mahalanobis_distance,kl_divergence,fisher_norm,curvature,riemannian_distance,avg_intensity
Fatigue,2910,11.345464459373972,1999.0009730837262,3.624320796205558,12.908860806298083,2.5205423296518408,34.616151202749144
Mind-Wandering,10581,2.3561153178283503,12.540188723091672,30.51846825919786,-6.0753348684807955,1.5420898301564787,30.273603629146585
Optimal-Engaged,30642,2.989889086976249,56.65824634460688,9.876943155072674,1.289065599016475,1.7232560531109489,59.63553292866001
Optimal-Monitoring,31822,0.0,4.440892098500626e-15,164.1333411058062,-13.41005932771069,0.0,42.64832505813588
Overload,11,14.672685604050269,146.66795506660014,522.1704189107347,-20.305730044710725,6.2024424791582735,6.363636363636363
